Id,Title,Original title,Description,Category,Published at,Created at,Updated at
74,Дар истинного зрения,"","*Требование: 19-й уровень и выше*
Вы получаете следующие эффекты:
**Повышение характеристики.** Увеличьте показатель одной вашей характеристики по выбору на 1, максимум до 30.
**Истинное зрение.** Вы получаете истинное зрение с радиусом 60 футов.",epic_boon,2024-09-25 18:18:10 UTC,2024-09-25 18:18:01 UTC,2024-09-25 18:18:10 UTC
73,Дар духа ночи,"","*Требование: 19-й уровень и выше*
Вы получаете следующие эффекты:
**Повышение характеристики.** Увеличьте показатель одной вашей характеристики по выбору на 1, максимум до 30.
**Слияние с тенями.** Находясь в тусклом свете или темноте, вы можете дать себе состояние невидимый бонусным действием. Состояние заканчивается сразу после того, как вы совершаете действие, бонусное действие или реакцию.
**Теневая форма.** Находясь в тусклом свете или тьмы вы получаете сопротивление всему урону, кроме психического и излучением.",epic_boon,2024-09-25 18:18:10 UTC,2024-09-25 18:17:40 UTC,2024-09-25 18:18:10 UTC
72,Дар восстановления чар,"","*Требование: 19-й уровень и выше, умение Использование заклинаний или Магия договора*
Вы получаете следующие эффекты:
**Повышение характеристики.** Увеличьте свой показатель Интеллекта, Мудрости или Хиразмы на 1, максимум до 30.
**Свободное Заклинание.** Когда вы накладываете заклинание, используя ячейку заклинания 1-4 уровня, то бросьте к4. Если выпавшее число совпадает с уровнем ячейки, то ячейка не расходуется.",epic_boon,2024-09-25 18:18:10 UTC,2024-09-25 18:17:14 UTC,2024-09-25 18:18:10 UTC
71,Дар скорости,"","*Требование: 19-й уровень и выше*
Вы получаете следующие эффекты:
**Повышение характеристики.** Увеличьте показатель одной вашей характеристики по выбору на 1, максимум до 30.
**Мастер побега.** Бонусным действием вы можете совершить действие отход, которое также снимает с вас состояние схваченный.
**Скорость.** Ваша скорость увеличивается на 30 футов.",epic_boon,2024-09-25 18:18:10 UTC,2024-09-25 18:16:50 UTC,2024-09-25 18:18:10 UTC
70,Дар навыка,"","*Требование: 19-й уровень и выше*
Вы получаете следующие эффекты:
**Повышение характеристики.** Увеличьте показатель одной вашей характеристики по выбору на 1, максимум до 30.
**Всесторонний мастер.** Вы получаете владение всеми навыками.
**Компетентность.** Выберите один навык, в котором у вас нет компетентности. Вы получаете компетентность в этом навыке.",epic_boon,2024-09-25 18:18:10 UTC,2024-09-25 18:16:16 UTC,2024-09-25 18:18:10 UTC
69,Дар восстановления,"","*Требование: 19-й уровень и выше*
Вы получаете следующие эффекты:
**Повышение характеристики.** Увеличьте показатель одной вашей характеристики по выбору на 1, максимум до 30.
**Последний рубеж.** Когда ваши хиты должны быть снижены до 0, то вы можете опустить их до 1 хита вместо этого и восстановить количество хитов, равное половине вашего максимума хитов. После использования этого эффекта вы не можете использовать его снова, пока не завершите продолжительный отдых.
**Восстановление жизненных сил.** У вас есть резерв из 10 к10. Вы можете использовать кости из резерва бонусным действием, бросить эти кости и восстановить количество хитов, равное сумме бросков. Вы восстанавливаете все использованные кости из резерва после завершения продолжительного отдыха.",epic_boon,2024-09-25 18:18:10 UTC,2024-09-25 18:15:50 UTC,2024-09-25 18:18:10 UTC
68,Дар непреодалимого нападения,"","*Требование: 19-й уровень и выше*
Вы получаете следующие эффекты:
**Повышение характеристики.** Увеличьте свой показатель Ловкости или Силы на 1, максимум до 30.
**Преодоление защиты.** Дробящий, колющий и рубящий урон, который вы наносите, всегда игнорирует сопротивление.
**Преодолевающий удар.** Когда вы выбрасываете 20 на к20 для броска атаки, то вы можете нанести дополнительный урон цели, равный характеристике, увеличенной этим даром. Тип дополнительного урона соответствует типу атаки.",epic_boon,2024-09-25 18:18:10 UTC,2024-09-25 18:15:18 UTC,2024-09-25 18:18:10 UTC
67,Дар стойкости,"","*Требование: 19-й уровень и выше*
Вы получаете следующие эффекты:
**Повышение характеристики.** Увеличьте показатель одной вашей характеристики по выбору на 1, максимум до 30.
**Укреплённое здоровье.** Ваш максимум хитов увеличивается на 40. Кроме того, всякий раз, когда вы восстанавливаете хиты, вы можете восстановить дополнительные хиты, равные вашему модификатору Телосложения. После восстановления этих дополнительных Хитов вы не можете делать это снова до начала вашего следующего хода.",epic_boon,2024-09-25 18:18:10 UTC,2024-09-25 18:14:40 UTC,2024-09-25 18:18:10 UTC
66,Дар судьбы,"","*Требование: 19-й уровень и выше*
Вы получаете следующие эффекты:
**Повышение характеристики.** Увеличьте показатель одной вашей характеристики по выбору на 1, максимум до 30.
**Улучшение судьбы.** Когда вы или другое существо в пределах 60 футов от вас успешно проходит или проваливает D20 Тест, то вы можете бросить 2к4 и применить сумму как бонус или штраф к броску к20. После использования этого преимущества вы не можете использовать его снова, пока не бросите инициативу или не закончите короткий или продолжительный отдых.",epic_boon,2024-09-25 18:18:10 UTC,2024-09-25 18:14:12 UTC,2024-09-25 18:18:10 UTC
65,Дар устойчивости к энергиям,"","*Требование: 19-й уровень и выше*
Вы получаете следующие эффекты:
**Повышение характеристики.** Увеличьте показатель одной вашей характеристики по выбору на 1, максимум до 30.
**Устойчивость к энергиям.** Вы получаете сопротивление к двум из следующих типов урона на ваш выбор: кислотный, холодный, огненный, электрический, некротический, ядовитый, психической энергией, излучением или звуковой. Каждый раз, когда вы заканчиваете продолжительный отдых, то вы можете изменить свой выбор.
**Перенаправление энергии.** Когда вы получаете урон одного из типов, выбранных для эффекта Устойчивость к энергиям, то вы можете использовать реакцию, чтобы направить урон того же типа на другое существо, которое вы видите в пределах 60 футов от вас и которое не находится за полным укрытием. Если вы это делаете, то это существо должно преуспеть в спасброске Ловкости (Сл 8 + ваш модификатор Телосложения + Бонус мастерства) или получить урон, равный 2к12 + ваш модификатор Телосложения.",epic_boon,2024-09-25 18:18:10 UTC,2024-09-25 18:13:45 UTC,2024-09-25 18:18:10 UTC
64,Дар пространственного путешествия,"","*Требование: 19-й уровень и выше*
Вы получаете следующие эффекты:
**Повышение характеристики.** Увеличьте показатель одной вашей характеристики по выбору на 1, максимум до 30.
**Скачок сквозь пространство.** Сразу после того, как вы совершаете действие атака или действие магия, то вы можете телепортироваться на расстояние до 30 футов в незанятое пространство, которое вы видите.",epic_boon,2024-09-25 18:18:10 UTC,2024-09-25 18:12:51 UTC,2024-09-25 18:18:10 UTC
63,Дар боевой доблести,"","*Требование: 19-й уровень и выше*
Вы получаете следующие эффекты:
**Повышение характеристики.** Увеличьте показатель одной вашей характеристики по выбору на 1, максимум до 30.
**Безупречная точность.** Когда вы промахиваетесь по цели, то вы можете вместо этого попасть. Использовать этот эффект можно только один раз до начала вашего следующего хода.",epic_boon,2024-09-25 18:18:10 UTC,2024-09-25 18:12:23 UTC,2024-09-25 18:18:10 UTC
62,Сражение голыми руками,"","*Требование: Умение Боевой стиль*
Когда вы попадаете по цели с помощью вашего безоружного удара и наносите урон, то вы можете нанести дробящий урон в размере 1к6 + ваш модификатор Силы вместо обычного урона безоружного удара. Если вы не держите никакое оружие или щит, когда совершаете бросок атаки, кость 1к6 становится 1к8.
В начале каждого вашего хода вы можете нанести 1к4 дробящего урона одному существу, которое вы схватили.",fighting_style,2024-09-25 18:18:10 UTC,2024-09-25 18:11:37 UTC,2024-09-25 18:18:10 UTC
61,Сражение двумя оружиями,"","*Требование: Умение Боевой стиль*
Когда вы совершаете дополнительную атаку, используя оружие со своейством лёгкое, то вы можете добавить ваш модификатор характеристики к урону этой атаки, если вы еще не добавляли его к урону.",fighting_style,2024-09-25 18:18:10 UTC,2024-09-25 18:11:03 UTC,2024-09-25 18:18:10 UTC
60,Сражение метательным оружием,"","*Требование: Умение Боевой стиль*
Когда вы попадаете по цели с помощью дальнобойной атаки, используя оружие со свойством мтательное, то вы получаете бонус +2 к броску урона.",fighting_style,2024-09-25 18:18:10 UTC,2024-09-25 18:10:43 UTC,2024-09-25 18:18:10 UTC
59,Защита,"","*Требование: Умение Боевой стиль*
Когда существо, которое вы видите, атакует цель находящуюся в пределах 5 футов от вас (кроме вас), то вы можете использовать реакцию, чтобы помешать своим щитом, если вы его держите. Вы накладываете помеху на инициирующий бросок атаки и все последующие броски атаки против цели до начала вашего следующего хода, если остаетесь в пределах 5 футов от цели.",fighting_style,2024-09-25 18:18:10 UTC,2024-09-25 18:10:23 UTC,2024-09-25 18:18:10 UTC
58,Перехват,"","*Требование: Умение Боевой стиль*
Когда существо, которое вы видите, атакует другое существо в пределах 5 футов от вас, то вы можете использовать реакцию, чтобы уменьшить урон, нанесённый цели, на 1к10 + ваш бонус мастерства. Вы должны держать щит или простое или военское оружие, чтобы использовать эту реакцию.",fighting_style,2024-09-25 18:18:10 UTC,2024-09-25 18:10:03 UTC,2024-09-25 18:18:10 UTC
57,Сражение большим оружием,"","*Требование: Умение Боевой стиль*
Когда вы бросаете урон за атаку, которую вы совершаете с использованием ближнего оружия, которое держите двумя руками, то вы можете считать 1 или 2 на кости урона как 3. Оружие должно обладать свойством двуручное или универсальное, чтобы получить этот бонус.",fighting_style,2024-09-25 18:18:10 UTC,2024-09-25 18:09:43 UTC,2024-09-25 18:18:10 UTC
56,Дуэлянт,"","*Требование: Умение Боевой стиль*
Когда вы держите ближнее оружие в одной руке и не держите других оружий, то вы получаете бонус +2 к броскам урона этим оружием.",fighting_style,2024-09-25 18:18:10 UTC,2024-09-25 18:09:13 UTC,2024-09-25 18:18:10 UTC
55,Сражение в слепую,"","*Требование: Умение Боевой стиль*
Вы получаете слепое зрение в радиусе 10 футов.",fighting_style,2024-09-25 18:18:10 UTC,2024-09-25 18:08:57 UTC,2024-09-25 18:18:10 UTC
54,Оборона,"","*Требование: Умение Боевой стиль*
Когда вы носите лёгкий, средний или тяжёлый доспех, то вы получаете бонус +1 к классу доспеха.",fighting_style,2024-09-25 18:18:10 UTC,2024-09-25 18:08:40 UTC,2024-09-25 18:18:10 UTC
53,Стрельба из лука,"","*Требование: Умение Боевой стиль*
Вы получаете бонус +2 к броскам атаки, которые вы совершаете с использованием дальнобойного оружия.",fighting_style,2024-09-25 18:18:10 UTC,2024-09-25 18:08:19 UTC,2024-09-25 18:18:10 UTC
52,Боевой заклинатель,"","*Необходимые условия: Уровень 4+, умение Использование заклинаний или Магия договора*
Вы получаете следующие эффекты:
**Повышение характеристики.** Увеличьте ваш показатель Интеллекта. Мудрости или Харизмы на 1, максимум до 20.
**Концентрация.** У вас есть преимущество при спасбросках Телосложения, которые вы делаете, чтобы чтобы сохранить концентрацию.
**Заклинание реакцией.** Когда существо вызывает у вас провоцированную атаку, перемещаясь за пределы вашей досягаемости, то вы можете использовать свою реакцию, чтобы использовать заклинание на это существо, вместо того, чтобы совершать провоцированную атаку. Заклинание должно иметь время наложения в одно действие и должно быть нацелено только на это существо.
**Соматические компоненты.** Вы можете выполнять Соматические компоненты заклинаний, даже если у вас есть оружие или щит в одной или обеих руках.",general,2024-09-25 16:43:51 UTC,2024-09-25 16:43:34 UTC,2024-09-25 16:43:51 UTC
51,Телепат,"","*Необходимые условия: Уровень 4+*
Вы получаете следующие эффекты:
**Повышение характеристики.** Увеличьте ваш показатель Интеллекта. Мудрости или Харизмы на 1, максимум до 20.
**Телепатическое общение.** Вы можете телепатически общаться с любым существом, которое вы можете видеть в пределах 60 футов. Ваши телепатические сообщения произносятся на языке, который вы знаете, и существо понимает вас, только если оно знает этот язык. Ваше общение не даёт существу возможность отвечать вам телепатически.
**Обнаружение мыслей.** У вас всегда подготовлено заклинание Обнаружение мыслей. Вы можете наложить его без использования ячеек заклинания или компонентов и вы должны закончить продолжительный отдых, прежде чем сможете наложить его снова подобным образом. Вы также можете накладывать это заклинание, используя ячейки подходящего уровня. Заклинательной характеристикой этого заклинания является та, которую вы увеличили данной чертой.",general,2024-09-25 16:43:51 UTC,2024-09-25 16:42:45 UTC,2024-09-25 16:43:51 UTC
50,Телекинетик,"","*Необходимые условия: Уровень 4+*
Вы получаете следующие эффекты:
**Повышение характеристики.** Увеличьте ваш показатель Интеллекта. Мудрости или Харизмы на 1, максимум до 20.
**Малый телекинез.** Вы узнаёте заговор волшебная рука. Вы можете использовать его без вербальных или соматических компонентов, и вы можете делать волшебную руку невидимой. Если вы уже знаете этот заговор, то его дистанция увеличивается на 30 футов, когда вы его накладываете. Заклинательной характеристикой этого заклинания является та, которую вы увеличили данной чертой.
**Телекинетический толчок.** Бонусным действием вы можете попытаться телекинетически толкнуть одно существо, которое вы можете видеть в пределах 30 футов. Когда вы это делаете, то цель должна преуспеть в спасброске Силы (Сл8 + ваш бонус мастерства + модификатор характеристики, которую вы увеличили данной чертой), иначе онеа будет перемещена на 5 футов к вам или от вас.",general,2024-09-25 16:43:51 UTC,2024-09-25 16:42:02 UTC,2024-09-25 16:43:51 UTC
49,Меткий заклинатель,"","*Необходимые условия: Уровень 4+, способность Использование заклинаний или Магия договора*
Вы получаете следующие эффекты:
**Повышение характеристики.** Увеличьте свой показатель Интеллекта. Мудрости или Харизмы на 1, максимум до 20.
**Обход укрытия.** Ваши броски атаки заклинаниями игнорируют укрытие на половину и укрытие на три четверти.
**Заклинание в упор.** Нахождение в пределах 5 футов от противника не накладывает помеху на ваши броски атаки заклинаниями.
**Увеличенная дальность.** Когда вы произносите заклинание, которое имеет дистанцию не менее 10 футов и требует от вас совершить бросок атаки, то вы можете увеличить дистанцию заклинания на 60 футов.",general,2024-09-25 16:43:51 UTC,2024-09-25 16:41:19 UTC,2024-09-25 16:43:51 UTC
48,Подвижный,"","*Необходимые условия: Уровень 4+, Ловкость или Телосложение 13+*
Вы получаете следующие эффекты:
**Повышение характеристики.** Увеличьте свой показатель Ловкости или Телосложения на 1, максимум до 20.
**Увеличение скорости.** Ваша скорость увеличивается на 10 футов.
**Рывок по труднопроходимой местности.** Когда вы выполняете действие Рывок в свой ход, то труднопроходимая местность не будет стоить вам дополнительного движения до конца этого хода.
**Проворное движение.** Провоцированные атаки совершаются по вам с помехой.",general,2024-09-25 16:43:51 UTC,2024-09-25 16:40:42 UTC,2024-09-25 16:43:51 UTC
47,Рубака,"","*Необходимые условия: Уровень 4+*
Вы получаете следующие эффекты:
**Повышение характеристики.** Увеличьте ваш показатель Силы или Ловкости на 1, максимум до 20.
**Подрезать.** Один раз в ход, когда вы попадаете по существу атакой, которая наносит рубящий урон, вы можете уменьшить скорость этого существа на 10 фт. до начала вашего следующего хода.
**Улучшенная критическая атака.** Когда вы наносите критический удар, наносящий рубящий урон существу, то оно получает помеху на броски атаки до начала вашего следующего хода.",general,2024-09-25 16:43:51 UTC,2024-09-25 16:40:05 UTC,2024-09-25 16:43:51 UTC
46,Проныра,"","*Необходимые условия: Уровень 4+, Ловкость 13+*
Вы получаете следующие эффекты:
**Повышение характеристики.** Увеличьте свой показатель Ловкости на 1, максимум до 20.
**Слепое зрение.** Вы обладаете слепым зрением с радиусом действия 10 футов.
**Туман войны.** Используя отвлекающие факторы в бою, вы получаете преимущество при любой проверке Ловкости (Скрытность), которую вы совершаете как часть действия засада во время боя.
**Снайпер.** Если вы совершаете бросок атаки, находясь в засаде, и промахиваетесь, то это выполнение броска атаки не выдает вашу позицию.",general,2024-09-25 16:43:51 UTC,2024-09-25 16:39:30 UTC,2024-09-25 16:43:51 UTC
45,Эксперт в навыке,"","*Необходимые условия: Уровень 4+*
Вы получаете следующие эффекты:
**Повышение характеристики.** Увеличьте показатель одной вашей характеристики по выбору на 1, максимум до 20.
**Владение навыком.** Вы получаете владение одним навыком на ваш выбор.
**Компетентность.** Выберите один навык, которым вы владеете, но не имеете в нем компетентности. Вы получаете компетентность в этом навыке.",general,2024-09-25 16:43:51 UTC,2024-09-25 16:39:01 UTC,2024-09-25 16:43:51 UTC
44,Мастер щитов,"","*Необходимые условия: Уровень 4+, владение щитами*
Вы получаете следующие эффекты:
**Повышение характеристики.** Увеличьте свой показатель Силы на 1, максимум до 20.
**Удар щитом.** Если вы атакуете существо в пределах 5 футов частью действия атака и попадаете рукопашным оружием, то вы можете немедленно ударить цель своим щитом, если он экипирован, заставляя цель совершить спасбросок Силы (Сл 8 + ваш модификатор Силы + ваш бонус мастерства). При провале вы либо отталкиваете цель на 5 футов от себя, либо цель получает статус Лежащий ничком (на ваш выбор). Вы можете использовать это преимущество только один раз в каждый из ваших ходов.
**Выставить щит.** Если вы подвергаетесь действию эффекта, позволяющего совершить спасбросок Ловкости для получения половины урона, то вы можете использовать реакцию, чтобы не получить никакого урона, если вы преуспели в спасброске и держите щит.",general,2024-09-25 16:43:51 UTC,2024-09-25 16:38:29 UTC,2024-09-25 16:43:51 UTC
43,Меткий стрелок,"","*Необходимые условия: Уровень 4+, Ловкость 13+*
Вы получаете следующие эффекты:
**Повышение характеристики.** Увеличьте свой показатель Ловкости на 1, максимум до 20.
**Обход укрытия.** Ваши дальнобойные атаки оружием игнорируют укрытие на половину и укрытие на три четверти.
**Стрельба в упор.** Нахождение в пределах 5 футов от врага не накладывает помеху на ваши атаки дальнобойным оружием.
**Дальние выстрелы.** Совершение атаки в пределах дальней дистанции не вызывает помеху к броску атаки дальнобойным оружием.",general,2024-09-25 16:43:51 UTC,2024-09-25 16:37:39 UTC,2024-09-25 16:43:51 UTC
42,Затронутый тенью,"","*Необходимые условия: Уровень 4+*
Ваше взаимодействие с магией Царства Теней изменило вас, даровав вам следующие эффекты:
**Повышение характеристики.** Увеличьте ваш показатель Интеллекта. Мудрости или Харизмы на 1, максимум до 20.
**Магия тени.** Выберите одно заклинание 1-го уровня из школы иллюзии или некромантии. У вас всегда подготовлено это заклинание и заклинание Невидимость. Вы можете использовать каждое из этих заклинаний без затрат ячеек заклинаний. Как только вы использовать любое из этих заклинаний подобным образом, то вам необходимо закончить продолжительный отдых, чтобы использовать это заклинание подобным образом вновь. Вы также можете накладывать эти заклинания, используя любые ячейки заклинаний, которые у вас есть. Заклинательной характеристикой для этих заклинаний является та, которую вы увеличили данной чертой.",general,2024-09-25 16:43:51 UTC,2024-09-25 16:37:11 UTC,2024-09-25 16:43:51 UTC
41,Страж,"","*Необходимые условия: Уровень 4+, Сила или Ловкость 13+*
Вы получаете следующие эффекты:
**Повышение характеристики.** Увеличьте свой показатель Силы или Ловкости на 1, максимум до 20.
**Защитник.** Сразу же после того, как существо в пределах 5 футов от вас совершает действие отход или попадает атакой не по вам, то вы можете совершить провоцированную атаку по этому существу.
**Стоять.** Когда вы попадаете по существу провоцированной атакой, то скорость этого существа становится равной 0 до конца текущего хода.",general,2024-09-25 16:43:51 UTC,2024-09-25 16:36:28 UTC,2024-09-25 16:43:51 UTC
40,Ритуальный заклинатель,"","*Необходимые условия: Уровень 4+, Интеллект, Мудрость или Харизма 13+*
Вы получаете следующие эффекты:
**Повышение характеристики.** Увеличьте свой показатель Интеллекта. Мудрости или Харизмы на 1, максимум до 20.
**Ритуальные заклинания.** Выберите количество заклинаний 1-го уровня со свойством ритуал, равное вашему бонусу мастерства. Эти заклинания всегда у вас подготовлены и вы можете использовать их с помощью любых имеющихся у вас ячеек заклинаний. Заклинательной характеристикой для этих заклинаний является та, которую вы увеличили данной чертой. Каждый раз когда ваш бонус мастерства увеличивается, то вы можете добавить дополнительное заклинание 1-го уровня со свойством ритуал к тем заклинаниям, которые у вас всегда подготовлены благодаря этой черте.
**Быстрый ритуал.** С помощью этой черты вы можете использовать ритуальное заклинание, которое у вас подготовлено, используя его обычное время наложения, а не увеличенное время для ритуала. Для этого не требуется ячейка заклинания. Как только вы используете заклинание таким образом, то вы не сможете использовать этот эффект снова, пока не закончите продолжительный отдых.",general,2024-09-25 16:43:51 UTC,2024-09-25 16:35:49 UTC,2024-09-25 16:43:51 UTC
39,Устойчивый,"","*Необходимые условия: Уровень 4+*
Вы получаете следующие эффекты:
**Повышение характеристики.** Выберите одну характеристику, в которой у вас нет владения спасброском. Увеличьте свой показатель выбранной характеристики на 1, максимум до 20.
**Владение спасброском.** Вы получаете владение спасброском в выбранной характеристике.",general,2024-09-25 16:43:51 UTC,2024-09-25 16:34:55 UTC,2024-09-25 16:43:51 UTC
38,Мастер древкового оружия,"","*Необходимые условия: Уровень 4+, Сила или Ловкость 13+*
Вы получаете следующие эффекты:
**Повышение характеристики.** Увеличьте свой показатель Силы или Ловкости на 1, максимум до 20.
**Удар древком.** Сразу же после того, как вы совершите действие атака и атакуете боевым посохом, копьем или оружием со свойствами тяжелое и досягаемость, вы можете бонусным действием совершить ближнюю атаку противоположным концом оружия. Оружие наносит дробящий урон, и кость урона оружием для этой атаки равна к4.
**Ответный удар.** Пока вы держите в руках боевой посох, копье или оружие со свойствами тяжелое и досягаемость, то вы можете использовать свою реакцию, чтобы совершить одну ближнюю атаку по существу, которое входит в зону досягаемости, которую вы имеете с этим оружием.",general,2024-09-25 16:43:51 UTC,2024-09-25 16:34:33 UTC,2024-09-25 16:43:51 UTC
37,Отравитель,"","*Необходимые условия: Уровень 4+*
Вы получаете следующие эффекты:
**Повышение характеристики.** Увеличьте ваш показатель Ловкости или Интеллекта на 1, максимум до 20.
**Сильный яд.** Когда вы совершаете бросок урона для нанесения урона ядом, то он игнорирует сопротивление урону ядом.
**Приготовить яд.** Вы получаете владение инструментами отравителя. За один час работы с помощью инструментов отравителя, расходуя материалы на 50 зм, вы можете создать количество доз яда, равное вашему бонусу мастерства. Вы можете нанести дозу яда на оружие или боеприпас бонусным действием. После нанесения яд сохраняет свою эффективность в течение 1 минуты или до тех пор, пока вы не попадете отравленным предметом, в зависимости от того, что произойдёт раньше. Когда существо получает урон от отравленного предмета, то оно должно преуспеть в спасброске Телосложения (СЛ 8 + модификатор характеристики, увеличенной этой чертой + ваш бонус мастерства), иначе получит 2к8 урона ядом и получит состояние Отравлен до конца вашего следующего хода.",general,2024-09-25 16:43:51 UTC,2024-09-25 16:33:39 UTC,2024-09-25 16:43:51 UTC
36,Пронзатель,"","*Необходимые условия: Уровень 4+*
Вы получаете следующие эффекты:
**Повышение характеристики.** Увеличьте ваш показатель Силы или Ловкости на 1, максимум до 20.
**Укол.** Один раз в ход, когда вы попадаете по существу атакой, которая наносит колющий урон, то вы можете перебросить одну из костей урона, и должны использовать новый результат.
**Улучшенный критический удар.** Когда вы наносите критический удар, причиняющий колющий урон существу, то вы можете бросить одну дополнительную кость урона, когда определяете дополнительный колющий урон, который получает цель.",general,2024-09-25 16:43:51 UTC,2024-09-25 16:32:44 UTC,2024-09-25 16:43:51 UTC
35,Наблюдательный,"","*Необходимые условия: Уровень 4+, Интеллект или Мудрость 13+*
Вы получаете следующие эффекты:
**Повышение характеристики.** Увеличьте ваш показатель Интеллекта или Мудрости на 1, максим до 20.
**Наблюдательность.** Выберите один из следующих навыков: проницательность, расследование или внимательность. Если вы не владеете выбранным навыком, то вы получаете владение им, а если вы уже владеете им, то получаете компетентность в нем.
**Быстрый поиск.** Вы можете выполнить действие Поиск (Search) как Бонусное действие.",general,2024-09-25 16:43:51 UTC,2024-09-25 16:32:13 UTC,2024-09-25 16:43:51 UTC
34,Верховой боец,"","*Необходимые условия: Уровень 4+*
Вы получаете следующие эффекты:
**Повышение характеристики.** Увеличьте свой показатель Силы, Ловкости или Мудрости на 1, максимум до 20.
**Удар наездника.** Находясь верхом, вы получаете преимущество на броски атаки по любому существу не на верховом животном в пределах 5 футов от вашего верхового животного и по крайней мере на один размер меньше его.
**Прыжок в сторону.** Если ваше верховое животное подвергается эффекту, который позволяет ему сделать спасбросок Ловкости, чтобы полу- чить только половину урона, то вместо этого он не получает никакого урона, если преуспевает в спасброске, и получает только половину урона при провале. Чтобы ваша верховое животное получило это преимущество, вы должны быть верхом на нем, и ни один из вас не должен иметь состояние недееспособен.
**Вираж.** Находясь верхом, вы можете заставить атаку, которая попала по вашему скакуну, вместо этого попасть по вам, если у вас нет состояния недееспособен.",general,2024-09-25 16:43:51 UTC,2024-09-25 16:31:27 UTC,2024-09-25 16:43:51 UTC
33,Знаток средних доспехов,"","*Необходимые условия: Уровень 4+, владение легкими доспехами*
Вы получаете следующие эффекты:
**Повышение характеристики.** Увеличьте свой показатель Силы или Ловкости на 1, максимум до 20.
**Обучение доспехам.** Вы получаете владение средними доспехами.",general,2024-09-25 16:43:51 UTC,2024-09-25 16:30:30 UTC,2024-09-25 16:43:51 UTC
32,Мастер средних доспехов,"","*Необходимые условия: Уровень 4+, владение средними доспехами*
Вы получаете следующие эффекты:
**Повышение характеристики.** Увеличьте свой показатель Силы или Ловкости на 1, максимум до 20.
**Ловкая защита.** Пока вы носите средние доспехи, то вы можете прибавить 3, а не 2, к вашему КД, если ваш показатель Ловкости 16 или выше.",general,2024-09-25 16:43:51 UTC,2024-09-25 16:30:09 UTC,2024-09-25 16:43:51 UTC
31,Владение воинским оружием,"","*Необходимые условия: Уровень 4+*
Вы получаете следующие эффекты:
**Повышение характеристики.** Увеличьте свой показатель Силы или Ловкости на 1, максимум до 20.
**Обучение оружием.** Вы получаете владение воинским оружием.",general,2024-09-25 16:43:51 UTC,2024-09-25 16:29:38 UTC,2024-09-25 16:43:51 UTC
30,Убийца магов,"","*Необходимые условия: Уровень 4+*
Вы получаете следующие эффекты:
**Повышение характеристики.** Увеличьте свой показатель Силы или Ловкости на 1, максимум до 20.
**Разрушение концентрации.** Когда вы наносите урон существу, которое концентрируется, то оно получает помеху на спасбросок для сохранения концентрации.
**Защищенный разум.** Если вы провалите спасбросок Интеллекта, Мудрости или Харизмы, то вы можете превратить результат в успех. Как только вы используете это преимущество, вы не можете сделать это снова, пока не завершите короткий или продолжительный отдых.",general,2024-09-25 16:43:51 UTC,2024-09-25 16:29:14 UTC,2024-09-25 16:43:51 UTC
29,Знаток легких доспехов,"","*Необходимые условия: Уровень 4+*
Вы получаете следующие эффекты:
**Повышение характеристики.** Увеличьте свой показатель Силы или Ловкости на 1, максимум до 20.
**Обучение доспехам.** Вы получаете владение легкими доспехами и щитами.",general,2024-09-25 16:43:51 UTC,2024-09-25 16:28:44 UTC,2024-09-25 16:43:51 UTC
28,Острый ум,"","*Необходимые условия: Уровень 4+, Интеллект13+*
Вы получаете следующие эффекты:
**Повышение характеристики.** Увеличьте ваш показатель Интеллекта на 1, максимум до 20.
**Знания.** Выберите один из следующих навыков: Магия, История, Анализ, Природа, или Религия. Если вы не владеете выбранным навыком, то вы получаете владение им, а если вы уже владеете им, вы получаете компетентность в нем.
**Быстрое изучение.** Вы можете выполнить действие изучение как бонусное действие.",general,2024-09-25 16:43:51 UTC,2024-09-25 16:28:17 UTC,2024-09-25 16:43:51 UTC
27,Мастер тяжелых доспехов,"","*Необходимые условия: Уровень 4+, Мудрость или Харизма 13+*
Вы получаете следующие эффекты:
**Повышение характеристики.** Увеличьте свой показатель Мудрости или Харизмы на 1, максимум до 20.
**Воодушевляющее выступление.** Когда вы завершаете короткий или продолжительный отдых, то вы можете выступить с вдохновляющей речью, песней или танцем. Когда вы это делаете, то выберите до шести союзников (в число которых можете входить и вы сами) в пределах 30 футов от вас, которые видели это выступление. Каждое выбранное существо получает временные хиты, равные уровню вашего персонажа + модификатор характеристики, которую вы повысили этой чертой.",general,2024-09-25 16:43:51 UTC,2024-09-25 16:27:48 UTC,2024-09-25 16:43:51 UTC
26,Мастер тяжелых доспехов,"","*Необходимые условия: Уровень 4+, владение тяжелыми доспехами*
Вы получаете следующие эффекты:
**Повышение характеристики.** Увеличьте свой показатель Телосложения или Силы на 1, максимум до 20.
**Уменьшение урона.** Если по вам попадают атакой, пока вы носите тяжелую броню, то любой колющий, режущий и дробящий урон от этой атаки уменьшается на величину, равную вашему бонусу мастерства.",general,2024-09-25 16:43:51 UTC,2024-09-25 16:27:12 UTC,2024-09-25 16:43:51 UTC
25,Знаток тяжелых доспехов,"","*Необходимые условия: Уровень 4+, владение средними доспехами*
Вы получаете следующие эффекты:
**Повышение характеристики.** Увеличьте свой показатель Телосложения или Силы на 1, максимум до 20.
**Обучение доспехам.** Вы получаете владение тяжелыми доспехами.",general,2024-09-25 16:43:51 UTC,2024-09-25 16:26:45 UTC,2024-09-25 16:43:51 UTC
24,Мастер большого оружия,"","*Необходимые условия: Уровень 4+, Сила 13+*
Вы получаете следующие эффекты:
**Повышение характеристики.** Увеличьте свой показатель Силы на 1, максимум до 20.
**Мастерство тяжелого оружия.** Когда вы попадаете по существу оружием со свойством тяжелое частью действия атака в свой ход, то вы можете нанести этим оружием дополнительный урон цели. Дополнительный урон равен вашему бонусу мастерства.
**Рассечение.** Сразу же после того, как вы оружием ближнего боя нанесете критическое попадание или уменьшите хиты существа до 0, то вы можете сделать одну атаку тем же оружием бонусным действием.",general,2024-09-25 16:43:51 UTC,2024-09-25 16:25:44 UTC,2024-09-25 16:43:51 UTC
23,Борец,"","*Необходимые условия: Уровень 4+, Сила или Ловкость 13+*
Вы получаете следующие эффекты:
**Повышение характеристики.** Увеличьте свой показатель Силы или Ловкости на 1, максимум до 20.
**Удар и захват.** Когда вы попадаете по существу безоружной атакой как часть действия атака в свой ход, то вы можете одновременно нанести урон и также схватить цель. Вы можете использовать это преимущество только один раз за ход.
**Преимущество в атаке.** Вы имеете преимущество при бросках атаки против существа, схваченного вами.
**Быстрый борец.** Ваша скорость не уменьшается на половину, когда вы перемещаете существо, схваченное вами, при условии, что оно вашего размера или меньше.",general,2024-09-25 16:43:51 UTC,2024-09-25 16:25:13 UTC,2024-09-25 16:43:51 UTC
22,Затронутый феями,"","*Необходимые условия: Уровень 4+*
Ваше взаимодействие с магией Страны Фей изменило вас, даровав вам следующие эффекты:
**Повышение характеристики.** Увеличьте ваш показатель Интеллекта. Мудрости или Харизмы на 1, максимум до 20.
**Магия фей.** Выберите одно заклинание 1-го уровня из школы Прорицания или Очарования. У вас всегда подготовлено это заклинание и заклинание Туманный шаг. Вы можете использовать каждое из этих заклинаний без затрат ячеек заклинаний. Как только вы использовать любое из этих заклинаний подобным образом, то вам необходимо закончить продолжительный отдых, чтобы использовать это заклинание подобным образом вновь. Вы также можете накладывать эти заклинания, используя любые ячейки заклинаний, которые у вас есть. Заклинательной характеристикой для этих заклинаний является та, которую вы увеличили данной чертой.",general,2024-09-25 16:43:46 UTC,2024-09-25 16:24:32 UTC,2024-09-25 16:43:46 UTC
21,Адепт стихий,"","*Необходимые условия: Уровень 4+, умение Использоваие заклинаний или Магия договора*
Вы получаете следующие эффекты:
**Повышение характеристики.** Увеличьте ваш показатель Интеллекта, Мудрости или Харизмы на 1, максимум до 20.
**Мастерство владения энергией.** Выберите один из следующих типов урона: кислотный, холодный, огненный, электрический или звуковой. Накладываемые вами заклинания игнорируют сопротивление выбранному типу урона. Кроме того, когда вы определяете урон для произнесенного вами заклинания, причиняющего урон этого типа, то вы можете считать любую 1 на костях урона как 2.
**Повторяемая.** Вы можете выбирать эту черту больше одного раза, но вы должны выбрать каждый раз другой тип урона для Мастерства владения энергией.",general,2024-09-25 16:43:46 UTC,2024-09-25 16:23:33 UTC,2024-09-25 16:43:46 UTC
20,Стойкий,"","*Необходимые условия: Уровень 4+*
Вы получаете следующие эффекты:
**Повышение характеристики.** Увеличьте свой показатель Телосложения на 1, максимум до 20.
**Бросить вызов смерти.** У вас есть преимущество на спасброски от смерти.
**Быстрое восстановление.** Бонусным действием вы можете потратить одну из своих Костей Хитов, бросить кость и восстановить количество хитов, равное выпавшему числу.",general,2024-09-25 16:43:46 UTC,2024-09-25 16:22:45 UTC,2024-09-25 16:43:46 UTC
19,Использование двух оружий,"","*Необходимые условия: Уровень 4+, Сила или Ловкость 13+*
Вы получаете следующие эффекты:
**Повышение характеристики.** Увеличьте свой показатель Силы или Ловкости на 1, максимум до 20.
**Улучшенное использование двух оружий.** Когда вы совершаете действие атака в свой ход и атакуете оружием со свойством легкое, вы можете позднее в том же ходу совершить одну дополнительную атаку бонусным действием другим рукопашным оружием, не имеющим свойство “двуручное”. Вы не добавляете свой модификатор характеристики к урону этой дополнительной атаки, если только он не отрицательный.
**Быстрое извлечение.** Вы можете вынимать и убирать два оружия, не имеющих свойство двуручное, когда обычно вы могли бы вынуть или убрать только одно.",general,2024-09-25 16:43:46 UTC,2024-09-25 16:22:16 UTC,2024-09-25 16:43:46 UTC
18,Оборонительный дуэлянт,"","*Необходимые условия: Уровень 4+, Ловкость 13+*
Вы получаете следующие эффекты:
**Повышение характеристики.** Увеличьте свой показатель Ловкости на 1, максимум до 20.
**Парирование.** Если вы держите оружие со свойством фехтовальное и другое существо попадает по вам рукопашной атакой, то вы можете использовать свою реакцию, чтобы добавить свой бонус мастерства к КД, что может привести к промаху этой атаки. Вы получаете этот бонус к КД против рукопашных атак до начала своего следующего хода.",general,2024-09-25 16:43:46 UTC,2024-09-25 16:21:24 UTC,2024-09-25 16:43:46 UTC
17,Крушитель,"","*Необходимые условия: Уровень 4+*
Вы получаете следующие эффекты:
**Повышение характеристики.** Увеличьте свой показатель Силы или Телосложения на 1, максимум до 20.
**Толчок.** Один раз в ход, когда вы попадаете по существу атакой, которая наносит дробящий урон, вы можете переместить его на 5 футов в свободное пространство при условии, что цель больше вас не более чем на один размер.
**Улучшенный критический удар.** Когда вы наносите критический удар, причиняющий дробящий урон существу, то броски атаки по этому существу получают преимущество до начала вашего следующего хода.",general,2024-09-25 16:43:46 UTC,2024-09-25 16:20:56 UTC,2024-09-25 16:43:46 UTC
16,Эксперт в арбалетах,"","*Необходимые условия: Уровень 4+, Ловкость 13+*
Вы получаете следующие эффекты:
**Повышение характеристики.** Увеличьте свой показатель Ловкости на 1, максимум до 20.
**Игнорирование перезарядки.** Вы игнорируете свойство перезарядка для ручного арбалета, тяжелого арбалета и легкого арбалета (далее в этой черте будем называть их всех “арбалетами”). Если вы держите один из них, то можете зарядить его боеприпасом даже если у вас нет свободной руки.
**Стрельба в упор.** Нахождение в пределах 5 футов от врага не накладывает помеху на ваши броски атаки арбалетом.
**Использование двух оружий.** Когда вы совершаете дополнительную атаку оружием со свойством легкое, то вы можете добавить ваш модификатор характеристики к урону от дополнительной атаки, если эта атака была произведена из арбалета со свойством легкое и вы еще не добавили этот модификатор к урону.",general,2024-09-25 16:43:46 UTC,2024-09-25 16:20:18 UTC,2024-09-25 16:43:46 UTC
15,Шеф-повар,"","*Необходимые условия: Уровень 4+*
Вы получаете следующие эффекты:
**Повышение характеристики.** Увеличьте свой показатель Телосложения или Мудрости на 1, максимум до 20.
**Инструменты повара.** Вы получаете владение инструментами повара, если вы ими ещё не владеете.
**Восполняющая пища.** Как часть короткого отдыха вы можете приготовить особую еду при условии, что у вас есть ингредиенты и инструменты повара под рукой. Вы можете приготовить достаточно пищи для количества существ, равного 4 + ваш бонус мастерства. В конце короткого отдыха любое существо, которое съедает эту пищу и тратит одну или несколько костей хитов, чтобы восстановить хиты, дополнительно восстанавливает 1к8 хитов.
**Подкрепляющие угощения.** За один час работы или по окончании продолжительного отдыха вы можете заготовить количество угощений, равное вашему бонусу мастерства, если у вас есть ингредиенты и инструменты повара под рукой. Эти особые угощения съедобны в течение 8 часов после приготовления. Существо может бонусным действием съесть одно из этих угощений, чтобы получить количество временных хитов, равное вашему бонусу мастерства.",general,2024-09-25 16:43:46 UTC,2024-09-25 16:19:26 UTC,2024-09-25 16:43:46 UTC
14,Налетчик,"","*Необходимые условия: Уровень 4+, Сила или Ловкость 13+*
Вы получаете следующие эффекты:
**Повышение характеристики.** Увеличьте свой показатель Силы или Ловкости на 1, максимум до 20.
**Улучшенный рывок.** Когда вы выполняете действие Рывок, то ваша скорость увеличивается на 10 футов для этого действия.
**Атака с разбега.** Если вы перемещаетесь хотя бы на 10 футов по прямой линии к цели непосредственно перед тем, как нанести по ней ближнюю атаку в рамках действия Атака, то выберите один из следующих эффектов: получите 1к8 к броску урона атаки, или толкните цель на расстояние до 10 футов от вас, при условии, что цель не более чем на один размер больше вас. Вы можете использовать это преимущество только один раз в каждый свой ход.",general,2024-09-25 16:18:11 UTC,2024-09-25 16:17:58 UTC,2024-09-25 16:18:11 UTC
13,Атлет,"","*Необходимые условия: Уровень 4+, Сила или Ловкость 13+*
Вы получаете следующие эффекты:
**Повышение характеристики.** Увеличьте свой показатель Силы или Ловкости на 1, максимум до 20.
**Скорость лазания.** Вы получаете скорость лазания, равную вашей скорости.
**Подскок.** Когда вы имеете состояние лежащий ничком, то вы можете встать, потратив только 5 футов перемещения.
**Прыжки.** Вы можете выполнить прыжок в длину или в высоту с разбега, переместившись перед этим только на 5 футов.",general,2024-09-25 16:18:11 UTC,2024-09-25 16:17:19 UTC,2024-09-25 16:44:52 UTC
12,Актер,"","*Необходимые условия: Уровень 4+, Харизма 13+*
Вы получаете следующие эффекты:
**Повышение характеристики.** Увеличьте свой показатель Харизмы на 1, максимум до 20.
**Перевоплощение.** Пока вы замаскированы под вымышленное или реальное лицо, вы получаете преимущество в проверках Харизмы (Обман или Выступление), для убеждения других, что вы и есть этот человек.
**Подражание.** Вы можете подражать звукам других существ, включая речь. Существо, которое слышит ваше подражание, должно преуспеть в проверке Мудрость (Проницательность), чтобы определить подделку (Сл 8 + модификатор Харизмы + бонус мастерства)",general,2024-09-25 16:18:11 UTC,2024-09-25 16:16:35 UTC,2024-09-25 16:18:11 UTC
11,Улучшение характеристик,"","*Необходимое условие: Уровень 4+*
Увеличьте один показатель характеристики по вашему выбору на 2 или увеличьте два показателя характеристики по вашему выбору на 1. Вы не можете увеличить показатель характеристики выше 20 с помощью этой черты.
**Повторяемая.** Вы можете выбирать эту черту больше одного раза.",general,2024-09-25 16:18:11 UTC,2024-09-25 16:15:59 UTC,2024-09-25 16:18:11 UTC
10,Крепкий,"","Максимум ваших хитов увеличивается на количество, равное удвоенному уровню вашего персонажа, на котором вы взяли эту черту. Каждый раз, когда вы впоследствии будете получать уровень, максимум ваших хитов будет дополнительно увеличиваться на 2.",origin,2024-09-25 16:18:11 UTC,2024-09-25 16:15:17 UTC,2024-09-25 16:18:11 UTC
9,Драчун,"","Вы получаете следующие эффекты:
**Усиленный безоружный удар.** Когда вы наносите удар безоружной атакой и наносите урон, то вы можете нанести дробящий урон, равный 1к4 + ваш модификатор Силы, вместо обычного урона от безоружных атак.
**Переброс урона.** Каждый раз, когда вы бросаете кость урона для своего безоружного удара, вы можете перебросить кость, если выпало 1, и вы должны использовать новый результат.
**Импровизированное оружие.** Вы получаете владение импровизированным оружием
**Толчок.** Когда вы поражаете существо безоружной атакой в рамках действия атаки в свой ход, то вы можете нанести урон цели, а также оттолкнуть её на 5 футов. Вы можете использовать это преимущество только один раз за ход.",origin,2024-09-25 16:18:11 UTC,2024-09-25 16:14:53 UTC,2024-09-25 16:18:11 UTC
8,Одарённый,"","Вы получаете владение тремя любыми навыками или инструментами на ваш выбор.
**Повторяемая.** Вы можете выбирать эту черту больше одного раза.",origin,2024-09-25 16:13:54 UTC,2024-09-25 16:13:52 UTC,2024-09-25 16:13:54 UTC
7,Дикий атакующий,"","Вы тренировались наносить особенно разрушительные удары. Один раз в ход, когда вы попадаете по цели оружием, вы можете дважды бросить кости урона этого оружия и использовать любой из бросков.",origin,2024-09-25 16:13:32 UTC,2024-09-25 16:13:26 UTC,2024-09-25 16:13:32 UTC
6,Музыкант,"","Вы получаете следующие эффекты:
**Владение инструментами.** Вы приобретаете навыки владения тремя из музыкальных инструментов по вашему выбору.
**Вдохновляющая песня.** Когда вы заканчиваете короткий или продолжительный отдых, то вы можете сыграть песню на музыкальном инструменте, которым владеете, и дать героическое вдохновение союзникам, которые услышат эту песню. Количество союзников, на которых вы можете повлиять таким образом, равно вашему бонусу мастерства.",origin,2024-09-25 16:13:04 UTC,2024-09-25 16:13:02 UTC,2024-09-25 16:13:04 UTC
5,Посвящённый в магию,"","**Два заговора.** Вы изучаете два заговора по вашему выбору из списка заклинаний Жреца, Друида или Волшебника. Интеллект, Мудрость или Харизма — это ваша заклинательная характеристика для этих заклинаний (выбирайте, когда берете эту черту).
**Заклинание 1-го уровня.** Выберите одно заклинание 1-го уровня из того же списка заклинаний, который вы выбрали для заговоров. Это заклинание теперь всегда у вас подготовлено. Вы можете использовать его один раз не тратя ячейки заклинаний и вы восстанавливаете возможность использовать его таким образом, когда заканчиваете продолжительный отдых. Вы также можете использовать это заклинание, используя любые имеющиеся у вас ячейки заклинаний.
**Изменение заклинания.** Каждый раз, когда вы получаете новый уровень, вы можете заменить одно из заклинаний, которое вы выбрали в этой черте, другим заклинанием того же уровня из выбранного списка заклинаний.
**Повторяемая.** Вы можете выбирать эту черту больше одного раза, но вы должны каждый раз выбирать другой список заклинаний.",origin,2024-09-25 16:12:25 UTC,2024-09-25 16:12:16 UTC,2024-09-25 16:12:25 UTC
4,Везунчик,"","Вы получаете следующие эффекты:
**Очки удачи.** У вас есть количество очков удачи, равное вашему бонусу мастерства и вы можете тратить их на нижеперечисленные эффекты.
Вы восполняете потраченные очки удачи, когда заканчиваете продолжительный отдых.
**Преимущество.** Когда вы бросаете к20 для D20 Теста, то вы можете потратить 1 очко удачи, чтобы дать себе преимущество на этот бросок.
**Помеха.** Когда существо бросает к20 для броска атаки по вам, то вы можете потратить 1 очко удачи, чтобы дать ему помеху на этот бросок",origin,2024-09-25 16:10:59 UTC,2024-09-25 16:10:57 UTC,2024-09-25 16:10:59 UTC
3,Лекарь,"","Вы получаете следующие эффекты:
**Боевой медик.** Вы можете действием потратить одно использование комплекта целителя, чтобы позаботиться о существе в пределах 5 футов от вас. Это существо может потратить одну из своих костей хитов и затем вы бросаете эту кость. Существо восстанавливает количество хитов, равное броску + ваш бонус мастерства.
**Перебросы исцеления.** Каждый раз, когда вы бросаете кость, чтобы определить количество хитов, которые вы восстанавливаете с помощью заклинания или с помощью эффекта Боевого медика, то вы можете повторно бросить кость, если на ней выпало «1», и вы должны использовать новый бросок.",origin,2024-09-25 16:10:08 UTC,2024-09-25 16:10:04 UTC,2024-09-25 16:10:08 UTC
2,Ремесленник,"","Вы получаете следующие эффекты:
**Владение инструментами.** Вы приобретаете навыки владения тремя из инструментов ремесленника из таблицы “Быстрый крафт”
**Скидка.** Каждый раз, когда вы покупаете немагический предмет, то вы получаете на него 20-процентную скидку.
**Быстрый крафт.** Когда вы заканчиваете продолжительный отдых, то вы можете создать один предмет снаряжения из таблицы “Быстрый крафт” с помощью инструмента, которым владеете, и который у вас есть сейчас. Предмет продержится до следующего продолжительного отдыха, в конце него предмет разваливается.

* **Инструменты ремесленника** - **Создаваемое снаряжение**
1. Инструменты плотника - Лестница, Факел
1. Инструменты кожевенника - Футляр, Мешочек
1. Инструменты каменщика - Блок и лебедка
1. Инструменты гончара - Кувшин, Лампа
1. Инструменты кузнеца - Металлические шарики, Ведро, Калтропы, Крюк-кошка, Железный горшок
1. Инструменты жестянщика - Колокольчик, Лопата, Трутница
1. Инструменты портного - Корзина, Веревка, Сеть, Палатка
1. Инструменты резчика по дереву - Боевой посох, Дубина, Палица",origin,2024-09-25 16:09:29 UTC,2024-09-25 16:09:26 UTC,2024-09-25 16:09:29 UTC
1,Бдительный,"","Вы получаете следующие эффекты:
**Владение инициативой.** Когда вы совершаете бросок инициативы, то вы можете добавить к броску свой бонус мастерства.
**Обмен инициативами.** Сразу после того, как вы совершили бросок инициативы, вы можете обменять свою инициативу на инициативу одного согласного союзника в том же бою. Вы не можете совершить этот обмен, если вы или союзник недееспособны.",origin,2024-09-25 16:06:55 UTC,2024-09-25 16:06:50 UTC,2024-09-25 16:06:55 UTC
